{"speaking_rate": [3.508771929824561, 6.187242299296628, 8.865712668768696, 11.544183038240764, 14.22265340771283, 16.901123777184896, 19.579594146656966, 22.258064516129032], "noise": [27.179607391357422, 33.90050179617746, 40.62139620099749, 47.342290605817524, 54.063185010637554, 60.78407941545759, 67.50497382027763, 74.22586822509766], "reverberation": [30.498437881469727, 34.706024169921875, 38.91361045837402, 43.12119674682617, 47.32878303527832, 51.53636932373047, 55.74395561218262, 59.951541900634766], "speech_monotony": [0.0, 17.430070059640066, 34.86014011928013, 52.2902101789202, 69.72028023856026, 87.15035029820032, 104.5804203578404, 122.01049041748047], "pitch_bins_male": [74.04898071289062, 88.6379623413086, 103.22694396972656, 117.81592559814453, 132.4049072265625, 146.993896484375, 161.58287048339844, 176.17185974121094], "pitch_bins_female": [130.46119689941406, 149.0537567138672, 167.64630126953125, 186.23886108398438, 204.83140563964844, 223.42396545410156, 242.01651000976562, 260.60906982421875]}