{
    "speaking_rate": [0.0, 3.8258038258038254, 7.651607651607651, 11.477411477411476, 15.303215303215302, 19.129019129019127, 22.95482295482295, 26.78062678062678], 
    "noise": [17.12751579284668, 25.4012325831822, 33.67494937351772, 41.94866616385323, 50.22238295418875, 58.49609974452427, 66.76981653485979, 75.04353332519531], 
    "reverberation": [10, 35, 45, 55, 59, 60], 
    "speech_monotony": [0.0, 20.37920924595424, 40.75841849190848, 70, 90, 142.6544647216797], 
    "pitch_bins_male": [64.6531982421875, 81.66683959960938, 98.68048095703125, 115.69412231445312, 132.707763671875, 149.72140502929688, 166.73504638671875, 183.74868774414062], 
    "pitch_bins_female": [120.17855072021484, 141.6242690945264, 163.06998746883795, 184.51570584314953, 205.96142421746106, 227.40714259177264, 248.8528609660842, 270.29857934039575], 
    "si-sdr": [-17.804332733154297, -0.40644073486328125, 10, 20, 25, 28, 34.38934326171875], 
    "pesq": [1, 1.7, 2.4, 3.1, 3.6, 4, 4.499948978424072]
}